Model,Accuracy
Naive Bayes,0.964824120603015
Logistic Regression,0.949748743718593
Random Forest,0.9741564967695621
SVM,0.9734386216798278
